#label changed by label
Thesberg Mischa	Thesberg, Mischa
Sorensen, Erik S.	Sorensen, Erik
Alalabi, Noor	Alolabi, Noor 
Alolabi, Noor W	Alolabi, Noor 
Mundi, Raman	Mundi, Raman R.
Karanicolas, Paul J.	Karanicolas, Paul James
Shakya, Tushar	Shakya, Tushar K
Stogios, Peter J.	Stogios, Peter Jun 